{
  "name": "Johor",
  "code": "JHR",
  "cities": [
    {
      "name": "Ayer Baloi",
      "postcodes": [
        "82100"
      ]
    },
    {
      "name": "Ayer Hitam",
      "postcodes": [
        "86100"
      ]
    },
    {
      "name": "Ayer Tawar 2",
      "postcodes": [
        "81920"
      ]
    },
    {
      "name": "Bandar Penawar",
      "postcodes": [
        "81930",
        "81960"
      ]
    },
    {
      "name": "Bandar Tenggara",
      "postcodes": [
        "81440"
      ]
    },
    {
      "name": "Batu Anam",
      "postcodes": [
        "85100"
      ]
    },
    {
      "name": "Batu Pahat",
      "postcodes": [
        "83000",
        "83010",
        "83020",
        "83030",
        "83040",
        "83050",
        "86400"
      ]
    },
    {
      "name": "Bekok",
      "postcodes": [
        "86500"
      ]
    },
    {
      "name": "Benut",
      "postcodes": [
        "82200"
      ]
    },
    {
      "name": "Bukit Gambir",
      "postcodes": [
        "84800"
      ]
    },
    {
      "name": "Bukit Pasir",
      "postcodes": [
        "84300"
      ]
    },
    {
      "name": "Chaah",
      "postcodes": [
        "85400"
      ]
    },
    {
      "name": "Endau",
      "postcodes": [
        "86900",
        "86999"
      ]
    },
    {
      "name": "Gelang Patah",
      "postcodes": [
        "81550",
        "81560"
      ]
    },
    {
      "name": "Gerisek",
      "postcodes": [
        "84700",
        "84710"
      ]
    },
    {
      "name": "Gugusan Taib Andak",
      "postcodes": [
        "81450"
      ]
    },
    {
      "name": "Iskandar Puteri",
      "postcodes": [
        "79000",
        "79050",
        "79100",
        "79150",
        "79200",
        "79250",
        "79502",
        "79503",
        "79504",
        "79505",
        "79511",
        "79513",
        "79514",
        "79517",
        "79518",
        "79520",
        "79521",
        "79523",
        "79532",
        "79538",
        "79540",
        "79546",
        "79548",
        "79550",
        "79552",
        "79555",
        "79570",
        "79575",
        "79576",
        "79592",
        "79601",
        "79603",
        "79605",
        "79606",
        "79612",
        "79626",
        "79630",
        "79632",
        "79646",
        "79658",
        "79660",
        "79680",
        "79681",
        "79683"
      ]
    },
    {
      "name": "Jementah",
      "postcodes": [
        "85200",
        "85210"
      ]
    },
    {
      "name": "Johor Bahru",
      "postcodes": [
        "80000",
        "80050",
        "80100",
        "80110",
        "80150",
        "80200",
        "80250",
        "80300",
        "80350",
        "80400",
        "80500",
        "80502",
        "80503",
        "80504",
        "80505",
        "80506",
        "80508",
        "80514",
        "80516",
        "80517",
        "80518",
        "80519",
        "80520",
        "80529",
        "80530",
        "80532",
        "80534",
        "80536",
        "80538",
        "80540",
        "80542",
        "80546",
        "80548",
        "80550",
        "80552",
        "80558",
        "80560",
        "80564",
        "80568",
        "80570",
        "80576",
        "80578",
        "80584",
        "80586",
        "80590",
        "80592",
        "80594",
        "80596",
        "80600",
        "80604",
        "80606",
        "80608",
        "80610",
        "80612",
        "80620",
        "80622",
        "80626",
        "80628",
        "80630",
        "80632",
        "80644",
        "80646",
        "80648",
        "80658",
        "80660",
        "80662",
        "80664",
        "80668",
        "80670",
        "80672",
        "80673",
        "80676",
        "80700",
        "80710",
        "80720",
        "80730",
        "80750",
        "80800",
        "80900",
        "80902",
        "80904",
        "80906",
        "80908",
        "80988",
        "80990",
        "81100",
        "81110",
        "81120",
        "81200",
        "81250",
        "81300",
        "81310"
      ]
    },
    {
      "name": "Kahang",
      "postcodes": [
        "86700"
      ]
    },
    {
      "name": "Kluang",
      "postcodes": [
        "86000",
        "86007"
      ]
    },
    {
      "name": "Kota Tinggi",
      "postcodes": [
        "81900",
        "81907",
        "81910"
      ]
    },
    {
      "name": "Kukup",
      "postcodes": [
        "82300"
      ]
    },
    {
      "name": "Kulai",
      "postcodes": [
        "81000",
        "81010",
        "81020",
        "81030",
        "81040",
        "81050"
      ]
    },
    {
      "name": "Labis",
      "postcodes": [
        "85300"
      ]
    },
    {
      "name": "Layang-Layang",
      "postcodes": [
        "81850"
      ]
    },
    {
      "name": "Masai",
      "postcodes": [
        "81750",
        "81760"
      ]
    },
    {
      "name": "Mersing",
      "postcodes": [
        "86800",
        "86810"
      ]
    },
    {
      "name": "Muar",
      "postcodes": [
        "84000",
        "84007",
        "84010",
        "84020",
        "84030",
        "84040",
        "84050",
        "84100",
        "84200",
        "84300",
        "84410"
      ]
    },
    {
      "name": "Pagoh",
      "postcodes": [
        "84600"
      ]
    },
    {
      "name": "Paloh",
      "postcodes": [
        "86600"
      ]
    },
    {
      "name": "Panchor",
      "postcodes": [
        "84500"
      ]
    },
    {
      "name": "Parit Jawa",
      "postcodes": [
        "84150",
        "84160"
      ]
    },
    {
      "name": "Parit Raja",
      "postcodes": [
        "86400"
      ]
    },
    {
      "name": "Parit Sulong",
      "postcodes": [
        "83500"
      ]
    },
    {
      "name": "Pasir Gudang",
      "postcodes": [
        "81700"
      ]
    },
    {
      "name": "Pekan Nenas",
      "postcodes": [
        "81500"
      ]
    },
    {
      "name": "Pengerang",
      "postcodes": [
        "81600",
        "81620",
        "81650"
      ]
    },
    {
      "name": "Pontian",
      "postcodes": [
        "82000",
        "82010",
        "82020",
        "82030"
      ]
    },
    {
      "name": "Rengam",
      "postcodes": [
        "86300"
      ]
    },
    {
      "name": "Rengit",
      "postcodes": [
        "83100"
      ]
    },
    {
      "name": "Segamat",
      "postcodes": [
        "85000",
        "85010",
        "85020",
        "85030",
        "85060",
        "85070",
        "85080"
      ]
    },
    {
      "name": "Semerah",
      "postcodes": [
        "83600",
        "83610"
      ]
    },
    {
      "name": "Senai",
      "postcodes": [
        "81400",
        "81410"
      ]
    },
    {
      "name": "Senggarang",
      "postcodes": [
        "83200"
      ]
    },
    {
      "name": "Seri Gading",
      "postcodes": [
        "83300"
      ]
    },
    {
      "name": "Seri Medan",
      "postcodes": [
        "83400"
      ]
    },
    {
      "name": "Simpang Rengam",
      "postcodes": [
        "86200"
      ]
    },
    {
      "name": "Sungai Mati",
      "postcodes": [
        "84400",
        "84409"
      ]
    },
    {
      "name": "Tangkak",
      "postcodes": [
        "84900",
        "84990"
      ]
    },
    {
      "name": "Tioman",
      "postcodes": [
        "86800"
      ]
    },
    {
      "name": "Ulu Tiram",
      "postcodes": [
        "81800",
        "81810"
      ]
    },
    {
      "name": "Yong Peng",
      "postcodes": [
        "83700",
        "83710"
      ]
    }
  ]
}