{
  "name": "Kelantan",
  "code": "KTN",
  "cities": [
    {
      "name": "Ayer Lanas",
      "postcodes": [
        "17700"
      ]
    },
    {
      "name": "Bachok",
      "postcodes": [
        "16020",
        "16030",
        "16050",
        "16060",
        "16070",
        "16090",
        "16300",
        "16310",
        "16320",
        "16350",
        "16370",
        "16390"
      ]
    },
    {
      "name": "Cherang Ruku",
      "postcodes": [
        "16700"
      ]
    },
    {
      "name": "Dabong",
      "postcodes": [
        "18200"
      ]
    },
    {
      "name": "Gua Musang",
      "postcodes": [
        "18300"
      ]
    },
    {
      "name": "Jeli",
      "postcodes": [
        "17600"
      ]
    },
    {
      "name": "Kem Desa Pahlawan",
      "postcodes": [
        "16500"
      ]
    },
    {
      "name": "Ketereh",
      "postcodes": [
        "16450"
      ]
    },
    {
      "name": "Kota Bharu",
      "postcodes": [
        "15000",
        "15050",
        "15100",
        "15150",
        "15159",
        "15160",
        "15200",
        "15300",
        "15350",
        "15400",
        "15500",
        "15502",
        "15503",
        "15504",
        "15505",
        "15506",
        "15508",
        "15512",
        "15514",
        "15516",
        "15517",
        "15518",
        "15519",
        "15520",
        "15524",
        "15529",
        "15532",
        "15534",
        "15536",
        "15538",
        "15540",
        "15546",
        "15548",
        "15550",
        "15551",
        "15556",
        "15558",
        "15560",
        "15564",
        "15570",
        "15572",
        "15576",
        "15578",
        "15582",
        "15586",
        "15590",
        "15592",
        "15594",
        "15596",
        "15600",
        "15604",
        "15606",
        "15608",
        "15609",
        "15610",
        "15612",
        "15614",
        "15616",
        "15620",
        "15622",
        "15623",
        "15624",
        "15626",
        "15628",
        "15630",
        "15632",
        "15634",
        "15644",
        "15646",
        "15648",
        "15658",
        "15660",
        "15661",
        "15662",
        "15664",
        "15670",
        "15672",
        "15673",
        "15674",
        "15676",
        "15680",
        "15690",
        "15700",
        "15710",
        "15720",
        "15730",
        "15740",
        "15988",
        "15990",
        "16010",
        "16100",
        "16109",
        "16150"
      ]
    },
    {
      "name": "Kuala Balah",
      "postcodes": [
        "17610"
      ]
    },
    {
      "name": "Kuala Krai",
      "postcodes": [
        "18000",
        "18020",
        "18050"
      ]
    },
    {
      "name": "Machang",
      "postcodes": [
        "18500"
      ]
    },
    {
      "name": "Melor",
      "postcodes": [
        "16400"
      ]
    },
    {
      "name": "Pasir Mas",
      "postcodes": [
        "17000",
        "17007",
        "17009",
        "17010",
        "17020",
        "17030",
        "17040",
        "17050",
        "17060",
        "17070"
      ]
    },
    {
      "name": "Pasir Puteh",
      "postcodes": [
        "16800"
      ]
    },
    {
      "name": "Pulai Chondong",
      "postcodes": [
        "16600"
      ]
    },
    {
      "name": "Rantau Panjang",
      "postcodes": [
        "17200"
      ]
    },
    {
      "name": "Selising",
      "postcodes": [
        "16810"
      ]
    },
    {
      "name": "Tanah Merah",
      "postcodes": [
        "17500",
        "17507",
        "17509",
        "17510",
        "17520",
        "17599"
      ]
    },
    {
      "name": "Temangan",
      "postcodes": [
        "18400"
      ]
    },
    {
      "name": "Tumpat",
      "postcodes": [
        "16080",
        "16200",
        "16210"
      ]
    },
    {
      "name": "Wakaf Bharu",
      "postcodes": [
        "16040",
        "16250",
        "16266"
      ]
    }
  ]
}