{
  "name": "Negeri Sembilan",
  "code": "NSN",
  "cities": [
    {
      "name": "Bahau",
      "postcodes": [
        "72100",
        "72107",
        "72109"
      ]
    },
    {
      "name": "Bandar Baru Enstek",
      "postcodes": [
        "71760"
      ]
    },
    {
      "name": "Bandar Seri Jempol",
      "postcodes": [
        "72120",
        "72127",
        "72129"
      ]
    },
    {
      "name": "Batu Kikir",
      "postcodes": [
        "72200",
        "72207",
        "72209"
      ]
    },
    {
      "name": "Gemas",
      "postcodes": [
        "73400",
        "73409",
        "73410",
        "73420",
        "73480"
      ]
    },
    {
      "name": "Gemencheh",
      "postcodes": [
        "73200",
        "73207",
        "73209",
        "73300",
        "73309"
      ]
    },
    {
      "name": "Johol",
      "postcodes": [
        "73100",
        "73109"
      ]
    },
    {
      "name": "Kota",
      "postcodes": [
        "71350",
        "71359"
      ]
    },
    {
      "name": "Kuala Klawang",
      "postcodes": [
        "71600",
        "71609",
        "71650",
        "71659"
      ]
    },
    {
      "name": "Kuala Pilah",
      "postcodes": [
        "72000",
        "72007",
        "72009",
        "72500",
        "72507",
        "72509"
      ]
    },
    {
      "name": "Labu",
      "postcodes": [
        "71900",
        "71907",
        "71909"
      ]
    },
    {
      "name": "Linggi",
      "postcodes": [
        "71150",
        "71159"
      ]
    },
    {
      "name": "Mantin",
      "postcodes": [
        "71700",
        "71707",
        "71709",
        "71750",
        "71759"
      ]
    },
    {
      "name": "Nilai",
      "postcodes": [
        "71800",
        "71807",
        "71809",
        "71850"
      ]
    },
    {
      "name": "Port Dickson",
      "postcodes": [
        "71000",
        "71007",
        "71009",
        "71010",
        "71960",
        "71999"
      ]
    },
    {
      "name": "Pusat Bandar Palong",
      "postcodes": [
        "73430",
        "73440",
        "73450",
        "73460",
        "73470"
      ]
    },
    {
      "name": "Rantau",
      "postcodes": [
        "71100",
        "71109",
        "71200",
        "71209"
      ]
    },
    {
      "name": "Rembau",
      "postcodes": [
        "71300",
        "71309",
        "71400",
        "71409"
      ]
    },
    {
      "name": "Rompin",
      "postcodes": [
        "73500",
        "73507",
        "73509"
      ]
    },
    {
      "name": "Seremban",
      "postcodes": [
        "70000",
        "70100",
        "70200",
        "70300",
        "70400",
        "70450",
        "70500",
        "70502",
        "70503",
        "70504",
        "70505",
        "70506",
        "70508",
        "70512",
        "70516",
        "70517",
        "70518",
        "70532",
        "70534",
        "70536",
        "70540",
        "70546",
        "70548",
        "70550",
        "70551",
        "70558",
        "70560",
        "70564",
        "70570",
        "70572",
        "70576",
        "70578",
        "70582",
        "70586",
        "70590",
        "70592",
        "70594",
        "70596",
        "70600",
        "70604",
        "70606",
        "70608",
        "70609",
        "70610",
        "70620",
        "70626",
        "70628",
        "70632",
        "70634",
        "70644",
        "70646",
        "70648",
        "70658",
        "70664",
        "70670",
        "70672",
        "70673",
        "70674",
        "70676",
        "70690",
        "70700",
        "70710",
        "70720",
        "70730",
        "70740",
        "70750",
        "70990",
        "71450",
        "71459",
        "71770",
        "71950"
      ]
    },
    {
      "name": "Si Rusa",
      "postcodes": [
        "71050",
        "71059",
        "71250",
        "71259"
      ]
    },
    {
      "name": "Simpang Durian",
      "postcodes": [
        "72400",
        "72409"
      ]
    },
    {
      "name": "Simpang Pertang",
      "postcodes": [
        "72300",
        "72307",
        "72309"
      ]
    },
    {
      "name": "Tampin",
      "postcodes": [
        "73000",
        "73007",
        "73009"
      ]
    },
    {
      "name": "Tanjong Ipoh",
      "postcodes": [
        "71500",
        "71509",
        "71550",
        "71559"
      ]
    }
  ]
}