{
  "name": "Perlis",
  "code": "PLS",
  "cities": [
    {
      "name": "Arau",
      "postcodes": [
        "02600",
        "02607",
        "02609"
      ]
    },
    {
      "name": "Kaki Bukit",
      "postcodes": [
        "02200"
      ]
    },
    {
      "name": "Kangar",
      "postcodes": [
        "01000",
        "01007",
        "01009",
        "01500",
        "01502",
        "01503",
        "01504",
        "01505",
        "01506",
        "01508",
        "01512",
        "01514",
        "01516",
        "01517",
        "01518",
        "01524",
        "01529",
        "01532",
        "01538",
        "01540",
        "01546",
        "01550",
        "01551",
        "01556",
        "01560",
        "01564",
        "01570",
        "01572",
        "01576",
        "01578",
        "01582",
        "01586",
        "01590",
        "01592",
        "01594",
        "01596",
        "01598",
        "01600",
        "01604",
        "01606",
        "01608",
        "01609",
        "01610",
        "01612",
        "01614",
        "01620",
        "01622",
        "01626",
        "01628",
        "01630",
        "01632",
        "01634",
        "01644",
        "01646",
        "01648",
        "01660",
        "01664",
        "01670",
        "01672",
        "01673",
        "01674",
        "01676",
        "01680",
        "01694",
        "02400",
        "02450",
        "02500"
      ]
    },
    {
      "name": "Kuala Perlis",
      "postcodes": [
        "02000"
      ]
    },
    {
      "name": "Padang Besar",
      "postcodes": [
        "02100"
      ]
    },
    {
      "name": "Simpang Ampat",
      "postcodes": [
        "02700",
        "02707",
        "02709",
        "02800"
      ]
    }
  ]
}