{
  "name": "Pulau Pinang",
  "code": "PNG",
  "cities": [
    {
      "name": "Ayer Itam",
      "postcodes": [
        "11500"
      ]
    },
    {
      "name": "Balik Pulau",
      "postcodes": [
        "11000",
        "11010",
        "11020"
      ]
    },
    {
      "name": "Batu Ferringhi",
      "postcodes": [
        "11100"
      ]
    },
    {
      "name": "Batu Maung",
      "postcodes": [
        "11960"
      ]
    },
    {
      "name": "Bayan Lepas",
      "postcodes": [
        "11900",
        "11910",
        "11920",
        "11950"
      ]
    },
    {
      "name": "Bukit Mertajam",
      "postcodes": [
        "14000",
        "14007",
        "14009",
        "14020"
      ]
    },
    {
      "name": "Butterworth",
      "postcodes": [
        "12000",
        "12100",
        "12200",
        "12300",
        "12700",
        "12710",
        "12720",
        "12990",
        "13000",
        "13009",
        "13020",
        "13050",
        "13400",
        "13409",
        "13800"
      ]
    },
    {
      "name": "Gelugor",
      "postcodes": [
        "11700"
      ]
    },
    {
      "name": "Jelutong",
      "postcodes": [
        "11600",
        "11609"
      ]
    },
    {
      "name": "Kepala Batas",
      "postcodes": [
        "13200",
        "13210",
        "13220"
      ]
    },
    {
      "name": "Kubang Semang",
      "postcodes": [
        "14400"
      ]
    },
    {
      "name": "Nibong Tebal",
      "postcodes": [
        "14300",
        "14310",
        "14320"
      ]
    },
    {
      "name": "Penaga",
      "postcodes": [
        "13100",
        "13110"
      ]
    },
    {
      "name": "Penang Hill",
      "postcodes": [
        "11300"
      ]
    },
    {
      "name": "Perai",
      "postcodes": [
        "13600",
        "13700"
      ]
    },
    {
      "name": "Permatang Pauh",
      "postcodes": [
        "13500"
      ]
    },
    {
      "name": "Pulau Pinang",
      "postcodes": [
        "10000",
        "10050",
        "10100",
        "10150",
        "10200",
        "10250",
        "10300",
        "10350",
        "10400",
        "10450",
        "10460",
        "10470",
        "10500",
        "10502",
        "10503",
        "10504",
        "10505",
        "10506",
        "10508",
        "10512",
        "10514",
        "10516",
        "10518",
        "10524",
        "10534",
        "10538",
        "10540",
        "10542",
        "10546",
        "10550",
        "10551",
        "10552",
        "10558",
        "10560",
        "10564",
        "10566",
        "10570",
        "10576",
        "10578",
        "10582",
        "10590",
        "10592",
        "10593",
        "10594",
        "10596",
        "10600",
        "10604",
        "10609",
        "10610",
        "10612",
        "10620",
        "10622",
        "10626",
        "10628",
        "10634",
        "10646",
        "10648",
        "10660",
        "10661",
        "10662",
        "10670",
        "10672",
        "10673",
        "10674",
        "10676",
        "10690",
        "10710",
        "10720",
        "10730",
        "10740",
        "10750",
        "10760",
        "10770",
        "10780",
        "10790",
        "10800",
        "10810",
        "10820",
        "10830",
        "10840",
        "10850",
        "10910",
        "10920",
        "10990",
        "11050",
        "11060",
        "11400",
        "11409"
      ]
    },
    {
      "name": "Simpang Ampat",
      "postcodes": [
        "14100",
        "14101",
        "14110",
        "14120"
      ]
    },
    {
      "name": "Sungai Jawi",
      "postcodes": [
        "14200"
      ]
    },
    {
      "name": "Tanjong Bungah",
      "postcodes": [
        "11200"
      ]
    },
    {
      "name": "Tasek Gelugor",
      "postcodes": [
        "13300",
        "13310"
      ]
    },
    {
      "name": "Usm Pulau Pinang",
      "postcodes": [
        "11800"
      ]
    }
  ]
}