{
  "name": "Sarawak",
  "code": "SRW",
  "cities": [
    {
      "name": "Asajaya",
      "postcodes": [
        "94600"
      ]
    },
    {
      "name": "Balingian",
      "postcodes": [
        "96350"
      ]
    },
    {
      "name": "Baram",
      "postcodes": [
        "98050",
        "98057",
        "98058",
        "98059"
      ]
    },
    {
      "name": "Bau",
      "postcodes": [
        "94000",
        "94007",
        "94009"
      ]
    },
    {
      "name": "Bekenu",
      "postcodes": [
        "98150",
        "98157",
        "98159"
      ]
    },
    {
      "name": "Belaga",
      "postcodes": [
        "96900",
        "96950",
        "96999"
      ]
    },
    {
      "name": "Belawai",
      "postcodes": [
        "96150"
      ]
    },
    {
      "name": "Betong",
      "postcodes": [
        "95700",
        "95707",
        "95709"
      ]
    },
    {
      "name": "Bintangor",
      "postcodes": [
        "96500",
        "96507",
        "96508",
        "96509",
        "96510"
      ]
    },
    {
      "name": "Bintulu",
      "postcodes": [
        "97000",
        "97004",
        "97007",
        "97008",
        "97009",
        "97010",
        "97011",
        "97012",
        "97013",
        "97014",
        "97015",
        "97300"
      ]
    },
    {
      "name": "Dalat",
      "postcodes": [
        "96300",
        "96307",
        "96309"
      ]
    },
    {
      "name": "Daro",
      "postcodes": [
        "96200"
      ]
    },
    {
      "name": "Debak",
      "postcodes": [
        "95500"
      ]
    },
    {
      "name": "Engkilili",
      "postcodes": [
        "95800"
      ]
    },
    {
      "name": "Julau",
      "postcodes": [
        "96600"
      ]
    },
    {
      "name": "Kabong",
      "postcodes": [
        "94650"
      ]
    },
    {
      "name": "Kanowit",
      "postcodes": [
        "96700",
        "96707",
        "96709"
      ]
    },
    {
      "name": "Kapit",
      "postcodes": [
        "96800",
        "96807",
        "96809"
      ]
    },
    {
      "name": "Kota Samarahan",
      "postcodes": [
        "94300"
      ]
    },
    {
      "name": "Kuching",
      "postcodes": [
        "93000",
        "93010",
        "93030",
        "93050",
        "93100",
        "93150",
        "93200",
        "93250",
        "93300",
        "93350",
        "93400",
        "93450",
        "93500",
        "93502",
        "93503",
        "93504",
        "93505",
        "93506",
        "93507",
        "93508",
        "93514",
        "93516",
        "93517",
        "93518",
        "93519",
        "93520",
        "93527",
        "93529",
        "93532",
        "93540",
        "93550",
        "93551",
        "93552",
        "93554",
        "93556",
        "93558",
        "93560",
        "93564",
        "93566",
        "93570",
        "93572",
        "93576",
        "93578",
        "93582",
        "93586",
        "93590",
        "93592",
        "93594",
        "93596",
        "93600",
        "93604",
        "93606",
        "93608",
        "93609",
        "93610",
        "93612",
        "93614",
        "93618",
        "93619",
        "93620",
        "93626",
        "93628",
        "93632",
        "93634",
        "93648",
        "93658",
        "93660",
        "93661",
        "93662",
        "93668",
        "93670",
        "93672",
        "93677",
        "93690",
        "93694",
        "93700",
        "93702",
        "93704",
        "93706",
        "93708",
        "93710",
        "93712",
        "93714",
        "93716",
        "93718",
        "93720",
        "93722",
        "93724",
        "93726",
        "93728",
        "93730",
        "93732",
        "93734",
        "93736",
        "93738",
        "93740",
        "93742",
        "93744",
        "93746",
        "93748",
        "93750",
        "93752",
        "93754",
        "93756",
        "93758",
        "93760",
        "93762",
        "93764",
        "93900",
        "93902",
        "93904",
        "93906",
        "93908",
        "93910",
        "93912",
        "93914",
        "93916",
        "93990"
      ]
    },
    {
      "name": "Lawas",
      "postcodes": [
        "98850",
        "98857",
        "98859"
      ]
    },
    {
      "name": "Limbang",
      "postcodes": [
        "98700",
        "98707",
        "98708",
        "98709"
      ]
    },
    {
      "name": "Lingga",
      "postcodes": [
        "94900"
      ]
    },
    {
      "name": "Long Lama",
      "postcodes": [
        "98300"
      ]
    },
    {
      "name": "Lubok Antu",
      "postcodes": [
        "95900"
      ]
    },
    {
      "name": "Lundu",
      "postcodes": [
        "94500",
        "94507",
        "94509"
      ]
    },
    {
      "name": "Lutong",
      "postcodes": [
        "98100",
        "98107",
        "98109"
      ]
    },
    {
      "name": "Matu",
      "postcodes": [
        "96250"
      ]
    },
    {
      "name": "Miri",
      "postcodes": [
        "98000",
        "98007",
        "98008",
        "98009"
      ]
    },
    {
      "name": "Mukah",
      "postcodes": [
        "96400",
        "96410"
      ]
    },
    {
      "name": "Nanga Medamit",
      "postcodes": [
        "98750"
      ]
    },
    {
      "name": "Niah",
      "postcodes": [
        "98200"
      ]
    },
    {
      "name": "Pusa",
      "postcodes": [
        "94950"
      ]
    },
    {
      "name": "Pusat Mel Miri",
      "postcodes": [
        "98070"
      ]
    },
    {
      "name": "Roban",
      "postcodes": [
        "95300"
      ]
    },
    {
      "name": "Saratok",
      "postcodes": [
        "95400",
        "95407",
        "95409"
      ]
    },
    {
      "name": "Sarikei",
      "postcodes": [
        "96100",
        "96107",
        "96108",
        "96109"
      ]
    },
    {
      "name": "Sebauh",
      "postcodes": [
        "97100"
      ]
    },
    {
      "name": "Sebuyau",
      "postcodes": [
        "94850"
      ]
    },
    {
      "name": "Serian",
      "postcodes": [
        "94700",
        "94707",
        "94709",
        "94750",
        "94760"
      ]
    },
    {
      "name": "Sibu",
      "postcodes": [
        "96000",
        "96007",
        "96008",
        "96009"
      ]
    },
    {
      "name": "Sibu Jaya",
      "postcodes": [
        "96010"
      ]
    },
    {
      "name": "Siburan",
      "postcodes": [
        "94200"
      ]
    },
    {
      "name": "Simunjan",
      "postcodes": [
        "94800",
        "94807",
        "94809"
      ]
    },
    {
      "name": "Song",
      "postcodes": [
        "96850"
      ]
    },
    {
      "name": "Spaoh",
      "postcodes": [
        "95600"
      ]
    },
    {
      "name": "Sri Aman",
      "postcodes": [
        "95000",
        "95007",
        "95008",
        "95009"
      ]
    },
    {
      "name": "Sundar",
      "postcodes": [
        "98800"
      ]
    },
    {
      "name": "Tatau",
      "postcodes": [
        "97200"
      ]
    }
  ]
}