{
  "name": "Terengganu",
  "code": "TRG",
  "cities": [
    {
      "name": "Ajil",
      "postcodes": [
        "21800",
        "21810",
        "21820"
      ]
    },
    {
      "name": "Al Muktatfi Billah Shah",
      "postcodes": [
        "23400"
      ]
    },
    {
      "name": "Ayer Puteh",
      "postcodes": [
        "24050"
      ]
    },
    {
      "name": "Bukit Besi",
      "postcodes": [
        "23200"
      ]
    },
    {
      "name": "Bukit Payong",
      "postcodes": [
        "21400"
      ]
    },
    {
      "name": "Ceneh",
      "postcodes": [
        "24060"
      ]
    },
    {
      "name": "Chalok",
      "postcodes": [
        "21450"
      ]
    },
    {
      "name": "Cukai",
      "postcodes": [
        "24000",
        "24007",
        "24009",
        "24010",
        "24020",
        "24030",
        "24040"
      ]
    },
    {
      "name": "Dungun",
      "postcodes": [
        "23000",
        "23007",
        "23009",
        "23050"
      ]
    },
    {
      "name": "Jerteh",
      "postcodes": [
        "22000",
        "22010",
        "22020",
        "22030",
        "22040"
      ]
    },
    {
      "name": "Kampung Raja",
      "postcodes": [
        "22200"
      ]
    },
    {
      "name": "Kemasek",
      "postcodes": [
        "24200",
        "24207",
        "24209",
        "24210",
        "24220"
      ]
    },
    {
      "name": "Kerteh",
      "postcodes": [
        "24300"
      ]
    },
    {
      "name": "Ketengah Jaya",
      "postcodes": [
        "23300",
        "23345"
      ]
    },
    {
      "name": "Kijal",
      "postcodes": [
        "24100",
        "24107",
        "24109"
      ]
    },
    {
      "name": "Kuala Berang",
      "postcodes": [
        "21700"
      ]
    },
    {
      "name": "Kuala Besut",
      "postcodes": [
        "22300",
        "22307",
        "22309"
      ]
    },
    {
      "name": "Kuala Terengganu",
      "postcodes": [
        "20000",
        "20050",
        "20080",
        "20100",
        "20200",
        "20300",
        "20400",
        "20500",
        "20502",
        "20503",
        "20504",
        "20505",
        "20506",
        "20508",
        "20512",
        "20514",
        "20516",
        "20517",
        "20518",
        "20519",
        "20520",
        "20532",
        "20534",
        "20536",
        "20538",
        "20540",
        "20542",
        "20546",
        "20548",
        "20550",
        "20551",
        "20552",
        "20554",
        "20556",
        "20560",
        "20564",
        "20566",
        "20568",
        "20570",
        "20572",
        "20576",
        "20578",
        "20582",
        "20586",
        "20590",
        "20592",
        "20596",
        "20600",
        "20604",
        "20606",
        "20608",
        "20609",
        "20610",
        "20612",
        "20614",
        "20618",
        "20620",
        "20622",
        "20626",
        "20628",
        "20630",
        "20632",
        "20646",
        "20648",
        "20656",
        "20658",
        "20660",
        "20661",
        "20662",
        "20664",
        "20668",
        "20670",
        "20672",
        "20673",
        "20674",
        "20676",
        "20680",
        "20690",
        "20698",
        "20700",
        "20710",
        "20720",
        "20900",
        "20902",
        "20904",
        "20906",
        "20908",
        "20910",
        "20912",
        "20914",
        "20916",
        "20918",
        "20920",
        "20922",
        "20924",
        "20926",
        "20928",
        "20930",
        "20990",
        "20999",
        "21000",
        "21009",
        "21010",
        "21020",
        "21030",
        "21040",
        "21050",
        "21060",
        "21070",
        "21080",
        "21090",
        "21100",
        "21109",
        "21200",
        "21209",
        "21210",
        "21220",
        "21300",
        "21309"
      ]
    },
    {
      "name": "Marang",
      "postcodes": [
        "21600",
        "21610"
      ]
    },
    {
      "name": "Paka",
      "postcodes": [
        "23100"
      ]
    },
    {
      "name": "Permaisuri",
      "postcodes": [
        "22100",
        "22107",
        "22109",
        "22110",
        "22120"
      ]
    },
    {
      "name": "Sungai Tong",
      "postcodes": [
        "21500"
      ]
    }
  ]
}