{
  "name": "Wp Labuan",
  "code": "LBN",
  "cities": [
    {
      "name": "Labuan",
      "postcodes": [
        "87000",
        "87007",
        "87008",
        "87010",
        "87011",
        "87012",
        "87013",
        "87014",
        "87015",
        "87016",
        "87017",
        "87018",
        "87019",
        "87020",
        "87021",
        "87022",
        "87023",
        "87024",
        "87025",
        "87026",
        "87027",
        "87028",
        "87029",
        "87030",
        "87031",
        "87032",
        "87033"
      ]
    }
  ]
}