{
  "name": "Wp Putrajaya",
  "code": "PJY",
  "cities": [
    {
      "name": "Putrajaya",
      "postcodes": [
        "62000",
        "62007",
        "62050",
        "62052",
        "62100",
        "62150",
        "62200",
        "62250",
        "62300",
        "62500",
        "62502",
        "62503",
        "62504",
        "62505",
        "62506",
        "62510",
        "62512",
        "62514",
        "62516",
        "62517",
        "62518",
        "62519",
        "62520",
        "62522",
        "62524",
        "62526",
        "62527",
        "62529",
        "62530",
        "62532",
        "62536",
        "62539",
        "62540",
        "62542",
        "62546",
        "62550",
        "62551",
        "62570",
        "62574",
        "62576",
        "62578",
        "62582",
        "62584",
        "62590",
        "62592",
        "62594",
        "62596",
        "62602",
        "62604",
        "62605",
        "62606",
        "62616",
        "62618",
        "62620",
        "62623",
        "62624",
        "62628",
        "62630",
        "62632",
        "62648",
        "62652",
        "62654",
        "62657",
        "62662",
        "62668",
        "62670",
        "62674",
        "62675",
        "62676",
        "62677",
        "62686",
        "62690",
        "62692",
        "62988"
      ]
    }
  ]
}