postcode,city,state,state_code
82100,Ayer Baloi,Johor,JHR
86100,Ayer Hitam,Johor,JHR
81920,Ayer Tawar 2,Johor,JHR
81930,Bandar Penawar,Johor,JHR
81960,Bandar Penawar,Johor,JHR
81440,Bandar Tenggara,Johor,JHR
85100,Batu Anam,Johor,JHR
83000,Batu Pahat,Johor,JHR
83010,Batu Pahat,Johor,JHR
83020,Batu Pahat,Johor,JHR
83030,Batu Pahat,Johor,JHR
83040,Batu Pahat,Johor,JHR
83050,Batu Pahat,Johor,JHR
86400,Batu Pahat,Johor,JHR
86500,Bekok,Johor,JHR
82200,Benut,Johor,JHR
84800,Bukit Gambir,Johor,JHR
84300,Bukit Pasir,Johor,JHR
85400,Chaah,Johor,JHR
86900,Endau,Johor,JHR
86999,Endau,Johor,JHR
81550,Gelang Patah,Johor,JHR
81560,Gelang Patah,Johor,JHR
84700,Gerisek,Johor,JHR
84710,Gerisek,Johor,JHR
81450,Gugusan Taib Andak,Johor,JHR
79000,Iskandar Puteri,Johor,JHR
79050,Iskandar Puteri,Johor,JHR
79100,Iskandar Puteri,Johor,JHR
79150,Iskandar Puteri,Johor,JHR
79200,Iskandar Puteri,Johor,JHR
79250,Iskandar Puteri,Johor,JHR
79502,Iskandar Puteri,Johor,JHR
79503,Iskandar Puteri,Johor,JHR
79504,Iskandar Puteri,Johor,JHR
79505,Iskandar Puteri,Johor,JHR
79511,Iskandar Puteri,Johor,JHR
79513,Iskandar Puteri,Johor,JHR
79514,Iskandar Puteri,Johor,JHR
79517,Iskandar Puteri,Johor,JHR
79518,Iskandar Puteri,Johor,JHR
79520,Iskandar Puteri,Johor,JHR
79521,Iskandar Puteri,Johor,JHR
79523,Iskandar Puteri,Johor,JHR
79532,Iskandar Puteri,Johor,JHR
79538,Iskandar Puteri,Johor,JHR
79540,Iskandar Puteri,Johor,JHR
79546,Iskandar Puteri,Johor,JHR
79548,Iskandar Puteri,Johor,JHR
79550,Iskandar Puteri,Johor,JHR
79552,Iskandar Puteri,Johor,JHR
79555,Iskandar Puteri,Johor,JHR
79570,Iskandar Puteri,Johor,JHR
79575,Iskandar Puteri,Johor,JHR
79576,Iskandar Puteri,Johor,JHR
79592,Iskandar Puteri,Johor,JHR
79601,Iskandar Puteri,Johor,JHR
79603,Iskandar Puteri,Johor,JHR
79605,Iskandar Puteri,Johor,JHR
79606,Iskandar Puteri,Johor,JHR
79612,Iskandar Puteri,Johor,JHR
79626,Iskandar Puteri,Johor,JHR
79630,Iskandar Puteri,Johor,JHR
79632,Iskandar Puteri,Johor,JHR
79646,Iskandar Puteri,Johor,JHR
79658,Iskandar Puteri,Johor,JHR
79660,Iskandar Puteri,Johor,JHR
79680,Iskandar Puteri,Johor,JHR
79681,Iskandar Puteri,Johor,JHR
79683,Iskandar Puteri,Johor,JHR
85200,Jementah,Johor,JHR
85210,Jementah,Johor,JHR
80000,Johor Bahru,Johor,JHR
80050,Johor Bahru,Johor,JHR
80100,Johor Bahru,Johor,JHR
80110,Johor Bahru,Johor,JHR
80150,Johor Bahru,Johor,JHR
80200,Johor Bahru,Johor,JHR
80250,Johor Bahru,Johor,JHR
80300,Johor Bahru,Johor,JHR
80350,Johor Bahru,Johor,JHR
80400,Johor Bahru,Johor,JHR
80500,Johor Bahru,Johor,JHR
80502,Johor Bahru,Johor,JHR
80503,Johor Bahru,Johor,JHR
80504,Johor Bahru,Johor,JHR
80505,Johor Bahru,Johor,JHR
80506,Johor Bahru,Johor,JHR
80508,Johor Bahru,Johor,JHR
80514,Johor Bahru,Johor,JHR
80516,Johor Bahru,Johor,JHR
80517,Johor Bahru,Johor,JHR
80518,Johor Bahru,Johor,JHR
80519,Johor Bahru,Johor,JHR
80520,Johor Bahru,Johor,JHR
80529,Johor Bahru,Johor,JHR
80530,Johor Bahru,Johor,JHR
80532,Johor Bahru,Johor,JHR
80534,Johor Bahru,Johor,JHR
80536,Johor Bahru,Johor,JHR
80538,Johor Bahru,Johor,JHR
80540,Johor Bahru,Johor,JHR
80542,Johor Bahru,Johor,JHR
80546,Johor Bahru,Johor,JHR
80548,Johor Bahru,Johor,JHR
80550,Johor Bahru,Johor,JHR
80552,Johor Bahru,Johor,JHR
80558,Johor Bahru,Johor,JHR
80560,Johor Bahru,Johor,JHR
80564,Johor Bahru,Johor,JHR
80568,Johor Bahru,Johor,JHR
80570,Johor Bahru,Johor,JHR
80576,Johor Bahru,Johor,JHR
80578,Johor Bahru,Johor,JHR
80584,Johor Bahru,Johor,JHR
80586,Johor Bahru,Johor,JHR
80590,Johor Bahru,Johor,JHR
80592,Johor Bahru,Johor,JHR
80594,Johor Bahru,Johor,JHR
80596,Johor Bahru,Johor,JHR
80600,Johor Bahru,Johor,JHR
80604,Johor Bahru,Johor,JHR
80606,Johor Bahru,Johor,JHR
80608,Johor Bahru,Johor,JHR
80610,Johor Bahru,Johor,JHR
80612,Johor Bahru,Johor,JHR
80620,Johor Bahru,Johor,JHR
80622,Johor Bahru,Johor,JHR
80626,Johor Bahru,Johor,JHR
80628,Johor Bahru,Johor,JHR
80630,Johor Bahru,Johor,JHR
80632,Johor Bahru,Johor,JHR
80644,Johor Bahru,Johor,JHR
80646,Johor Bahru,Johor,JHR
80648,Johor Bahru,Johor,JHR
80658,Johor Bahru,Johor,JHR
80660,Johor Bahru,Johor,JHR
80662,Johor Bahru,Johor,JHR
80664,Johor Bahru,Johor,JHR
80668,Johor Bahru,Johor,JHR
80670,Johor Bahru,Johor,JHR
80672,Johor Bahru,Johor,JHR
80673,Johor Bahru,Johor,JHR
80676,Johor Bahru,Johor,JHR
80700,Johor Bahru,Johor,JHR
80710,Johor Bahru,Johor,JHR
80720,Johor Bahru,Johor,JHR
80730,Johor Bahru,Johor,JHR
80750,Johor Bahru,Johor,JHR
80800,Johor Bahru,Johor,JHR
80900,Johor Bahru,Johor,JHR
80902,Johor Bahru,Johor,JHR
80904,Johor Bahru,Johor,JHR
80906,Johor Bahru,Johor,JHR
80908,Johor Bahru,Johor,JHR
80988,Johor Bahru,Johor,JHR
80990,Johor Bahru,Johor,JHR
81100,Johor Bahru,Johor,JHR
81110,Johor Bahru,Johor,JHR
81120,Johor Bahru,Johor,JHR
81200,Johor Bahru,Johor,JHR
81250,Johor Bahru,Johor,JHR
81300,Johor Bahru,Johor,JHR
81310,Johor Bahru,Johor,JHR
86700,Kahang,Johor,JHR
86000,Kluang,Johor,JHR
86007,Kluang,Johor,JHR
81900,Kota Tinggi,Johor,JHR
81907,Kota Tinggi,Johor,JHR
81910,Kota Tinggi,Johor,JHR
82300,Kukup,Johor,JHR
81000,Kulai,Johor,JHR
81010,Kulai,Johor,JHR
81020,Kulai,Johor,JHR
81030,Kulai,Johor,JHR
81040,Kulai,Johor,JHR
81050,Kulai,Johor,JHR
85300,Labis,Johor,JHR
81850,Layang-Layang,Johor,JHR
81750,Masai,Johor,JHR
81760,Masai,Johor,JHR
86800,Mersing,Johor,JHR
86810,Mersing,Johor,JHR
84000,Muar,Johor,JHR
84007,Muar,Johor,JHR
84010,Muar,Johor,JHR
84020,Muar,Johor,JHR
84030,Muar,Johor,JHR
84040,Muar,Johor,JHR
84050,Muar,Johor,JHR
84100,Muar,Johor,JHR
84200,Muar,Johor,JHR
84300,Muar,Johor,JHR
84410,Muar,Johor,JHR
84600,Pagoh,Johor,JHR
86600,Paloh,Johor,JHR
84500,Panchor,Johor,JHR
84150,Parit Jawa,Johor,JHR
84160,Parit Jawa,Johor,JHR
86400,Parit Raja,Johor,JHR
83500,Parit Sulong,Johor,JHR
81700,Pasir Gudang,Johor,JHR
81500,Pekan Nenas,Johor,JHR
81600,Pengerang,Johor,JHR
81620,Pengerang,Johor,JHR
81650,Pengerang,Johor,JHR
82000,Pontian,Johor,JHR
82010,Pontian,Johor,JHR
82020,Pontian,Johor,JHR
82030,Pontian,Johor,JHR
86300,Rengam,Johor,JHR
83100,Rengit,Johor,JHR
85000,Segamat,Johor,JHR
85010,Segamat,Johor,JHR
85020,Segamat,Johor,JHR
85030,Segamat,Johor,JHR
85060,Segamat,Johor,JHR
85070,Segamat,Johor,JHR
85080,Segamat,Johor,JHR
83600,Semerah,Johor,JHR
83610,Semerah,Johor,JHR
81400,Senai,Johor,JHR
81410,Senai,Johor,JHR
83200,Senggarang,Johor,JHR
83300,Seri Gading,Johor,JHR
83400,Seri Medan,Johor,JHR
86200,Simpang Rengam,Johor,JHR
84400,Sungai Mati,Johor,JHR
84409,Sungai Mati,Johor,JHR
84900,Tangkak,Johor,JHR
84990,Tangkak,Johor,JHR
86800,Tioman,Johor,JHR
81800,Ulu Tiram,Johor,JHR
81810,Ulu Tiram,Johor,JHR
83700,Yong Peng,Johor,JHR
83710,Yong Peng,Johor,JHR
