postcode,city,state,state_code
50000,Kuala Lumpur,Wp Kuala Lumpur,KUL
50050,Kuala Lumpur,Wp Kuala Lumpur,KUL
50088,Kuala Lumpur,Wp Kuala Lumpur,KUL
50100,Kuala Lumpur,Wp Kuala Lumpur,KUL
50150,Kuala Lumpur,Wp Kuala Lumpur,KUL
50200,Kuala Lumpur,Wp Kuala Lumpur,KUL
50250,Kuala Lumpur,Wp Kuala Lumpur,KUL
50300,Kuala Lumpur,Wp Kuala Lumpur,KUL
50350,Kuala Lumpur,Wp Kuala Lumpur,KUL
50400,Kuala Lumpur,Wp Kuala Lumpur,KUL
50420,Kuala Lumpur,Wp Kuala Lumpur,KUL
50450,Kuala Lumpur,Wp Kuala Lumpur,KUL
50460,Kuala Lumpur,Wp Kuala Lumpur,KUL
50470,Kuala Lumpur,Wp Kuala Lumpur,KUL
50480,Kuala Lumpur,Wp Kuala Lumpur,KUL
50489,Kuala Lumpur,Wp Kuala Lumpur,KUL
50490,Kuala Lumpur,Wp Kuala Lumpur,KUL
50500,Kuala Lumpur,Wp Kuala Lumpur,KUL
50502,Kuala Lumpur,Wp Kuala Lumpur,KUL
50504,Kuala Lumpur,Wp Kuala Lumpur,KUL
50505,Kuala Lumpur,Wp Kuala Lumpur,KUL
50506,Kuala Lumpur,Wp Kuala Lumpur,KUL
50507,Kuala Lumpur,Wp Kuala Lumpur,KUL
50508,Kuala Lumpur,Wp Kuala Lumpur,KUL
50512,Kuala Lumpur,Wp Kuala Lumpur,KUL
50514,Kuala Lumpur,Wp Kuala Lumpur,KUL
50515,Kuala Lumpur,Wp Kuala Lumpur,KUL
50519,Kuala Lumpur,Wp Kuala Lumpur,KUL
50528,Kuala Lumpur,Wp Kuala Lumpur,KUL
50529,Kuala Lumpur,Wp Kuala Lumpur,KUL
50530,Kuala Lumpur,Wp Kuala Lumpur,KUL
50532,Kuala Lumpur,Wp Kuala Lumpur,KUL
50534,Kuala Lumpur,Wp Kuala Lumpur,KUL
50536,Kuala Lumpur,Wp Kuala Lumpur,KUL
50538,Kuala Lumpur,Wp Kuala Lumpur,KUL
50540,Kuala Lumpur,Wp Kuala Lumpur,KUL
50544,Kuala Lumpur,Wp Kuala Lumpur,KUL
50546,Kuala Lumpur,Wp Kuala Lumpur,KUL
50548,Kuala Lumpur,Wp Kuala Lumpur,KUL
50550,Kuala Lumpur,Wp Kuala Lumpur,KUL
50551,Kuala Lumpur,Wp Kuala Lumpur,KUL
50552,Kuala Lumpur,Wp Kuala Lumpur,KUL
50554,Kuala Lumpur,Wp Kuala Lumpur,KUL
50556,Kuala Lumpur,Wp Kuala Lumpur,KUL
50560,Kuala Lumpur,Wp Kuala Lumpur,KUL
50562,Kuala Lumpur,Wp Kuala Lumpur,KUL
50564,Kuala Lumpur,Wp Kuala Lumpur,KUL
50566,Kuala Lumpur,Wp Kuala Lumpur,KUL
50568,Kuala Lumpur,Wp Kuala Lumpur,KUL
50572,Kuala Lumpur,Wp Kuala Lumpur,KUL
50576,Kuala Lumpur,Wp Kuala Lumpur,KUL
50578,Kuala Lumpur,Wp Kuala Lumpur,KUL
50580,Kuala Lumpur,Wp Kuala Lumpur,KUL
50582,Kuala Lumpur,Wp Kuala Lumpur,KUL
50586,Kuala Lumpur,Wp Kuala Lumpur,KUL
50588,Kuala Lumpur,Wp Kuala Lumpur,KUL
50590,Kuala Lumpur,Wp Kuala Lumpur,KUL
50592,Kuala Lumpur,Wp Kuala Lumpur,KUL
50594,Kuala Lumpur,Wp Kuala Lumpur,KUL
50596,Kuala Lumpur,Wp Kuala Lumpur,KUL
50598,Kuala Lumpur,Wp Kuala Lumpur,KUL
50599,Kuala Lumpur,Wp Kuala Lumpur,KUL
50600,Kuala Lumpur,Wp Kuala Lumpur,KUL
50603,Kuala Lumpur,Wp Kuala Lumpur,KUL
50604,Kuala Lumpur,Wp Kuala Lumpur,KUL
50605,Kuala Lumpur,Wp Kuala Lumpur,KUL
50608,Kuala Lumpur,Wp Kuala Lumpur,KUL
50609,Kuala Lumpur,Wp Kuala Lumpur,KUL
50610,Kuala Lumpur,Wp Kuala Lumpur,KUL
50612,Kuala Lumpur,Wp Kuala Lumpur,KUL
50614,Kuala Lumpur,Wp Kuala Lumpur,KUL
50620,Kuala Lumpur,Wp Kuala Lumpur,KUL
50621,Kuala Lumpur,Wp Kuala Lumpur,KUL
50622,Kuala Lumpur,Wp Kuala Lumpur,KUL
50623,Kuala Lumpur,Wp Kuala Lumpur,KUL
50626,Kuala Lumpur,Wp Kuala Lumpur,KUL
50630,Kuala Lumpur,Wp Kuala Lumpur,KUL
50632,Kuala Lumpur,Wp Kuala Lumpur,KUL
50634,Kuala Lumpur,Wp Kuala Lumpur,KUL
50636,Kuala Lumpur,Wp Kuala Lumpur,KUL
50638,Kuala Lumpur,Wp Kuala Lumpur,KUL
50640,Kuala Lumpur,Wp Kuala Lumpur,KUL
50642,Kuala Lumpur,Wp Kuala Lumpur,KUL
50644,Kuala Lumpur,Wp Kuala Lumpur,KUL
50646,Kuala Lumpur,Wp Kuala Lumpur,KUL
50648,Kuala Lumpur,Wp Kuala Lumpur,KUL
50650,Kuala Lumpur,Wp Kuala Lumpur,KUL
50652,Kuala Lumpur,Wp Kuala Lumpur,KUL
50653,Kuala Lumpur,Wp Kuala Lumpur,KUL
50656,Kuala Lumpur,Wp Kuala Lumpur,KUL
50658,Kuala Lumpur,Wp Kuala Lumpur,KUL
50660,Kuala Lumpur,Wp Kuala Lumpur,KUL
50661,Kuala Lumpur,Wp Kuala Lumpur,KUL
50662,Kuala Lumpur,Wp Kuala Lumpur,KUL
50664,Kuala Lumpur,Wp Kuala Lumpur,KUL
50666,Kuala Lumpur,Wp Kuala Lumpur,KUL
50668,Kuala Lumpur,Wp Kuala Lumpur,KUL
50670,Kuala Lumpur,Wp Kuala Lumpur,KUL
50672,Kuala Lumpur,Wp Kuala Lumpur,KUL
50673,Kuala Lumpur,Wp Kuala Lumpur,KUL
50674,Kuala Lumpur,Wp Kuala Lumpur,KUL
50676,Kuala Lumpur,Wp Kuala Lumpur,KUL
50677,Kuala Lumpur,Wp Kuala Lumpur,KUL
50678,Kuala Lumpur,Wp Kuala Lumpur,KUL
50680,Kuala Lumpur,Wp Kuala Lumpur,KUL
50682,Kuala Lumpur,Wp Kuala Lumpur,KUL
50684,Kuala Lumpur,Wp Kuala Lumpur,KUL
50688,Kuala Lumpur,Wp Kuala Lumpur,KUL
50694,Kuala Lumpur,Wp Kuala Lumpur,KUL
50700,Kuala Lumpur,Wp Kuala Lumpur,KUL
50702,Kuala Lumpur,Wp Kuala Lumpur,KUL
50704,Kuala Lumpur,Wp Kuala Lumpur,KUL
50706,Kuala Lumpur,Wp Kuala Lumpur,KUL
50708,Kuala Lumpur,Wp Kuala Lumpur,KUL
50710,Kuala Lumpur,Wp Kuala Lumpur,KUL
50712,Kuala Lumpur,Wp Kuala Lumpur,KUL
50714,Kuala Lumpur,Wp Kuala Lumpur,KUL
50716,Kuala Lumpur,Wp Kuala Lumpur,KUL
50718,Kuala Lumpur,Wp Kuala Lumpur,KUL
50720,Kuala Lumpur,Wp Kuala Lumpur,KUL
50722,Kuala Lumpur,Wp Kuala Lumpur,KUL
50724,Kuala Lumpur,Wp Kuala Lumpur,KUL
50726,Kuala Lumpur,Wp Kuala Lumpur,KUL
50728,Kuala Lumpur,Wp Kuala Lumpur,KUL
50730,Kuala Lumpur,Wp Kuala Lumpur,KUL
50732,Kuala Lumpur,Wp Kuala Lumpur,KUL
50734,Kuala Lumpur,Wp Kuala Lumpur,KUL
50736,Kuala Lumpur,Wp Kuala Lumpur,KUL
50738,Kuala Lumpur,Wp Kuala Lumpur,KUL
50740,Kuala Lumpur,Wp Kuala Lumpur,KUL
50742,Kuala Lumpur,Wp Kuala Lumpur,KUL
50744,Kuala Lumpur,Wp Kuala Lumpur,KUL
50746,Kuala Lumpur,Wp Kuala Lumpur,KUL
50748,Kuala Lumpur,Wp Kuala Lumpur,KUL
50750,Kuala Lumpur,Wp Kuala Lumpur,KUL
50752,Kuala Lumpur,Wp Kuala Lumpur,KUL
50754,Kuala Lumpur,Wp Kuala Lumpur,KUL
50758,Kuala Lumpur,Wp Kuala Lumpur,KUL
50760,Kuala Lumpur,Wp Kuala Lumpur,KUL
50762,Kuala Lumpur,Wp Kuala Lumpur,KUL
50764,Kuala Lumpur,Wp Kuala Lumpur,KUL
50766,Kuala Lumpur,Wp Kuala Lumpur,KUL
50768,Kuala Lumpur,Wp Kuala Lumpur,KUL
50770,Kuala Lumpur,Wp Kuala Lumpur,KUL
50772,Kuala Lumpur,Wp Kuala Lumpur,KUL
50774,Kuala Lumpur,Wp Kuala Lumpur,KUL
50776,Kuala Lumpur,Wp Kuala Lumpur,KUL
50778,Kuala Lumpur,Wp Kuala Lumpur,KUL
50780,Kuala Lumpur,Wp Kuala Lumpur,KUL
50782,Kuala Lumpur,Wp Kuala Lumpur,KUL
50784,Kuala Lumpur,Wp Kuala Lumpur,KUL
50786,Kuala Lumpur,Wp Kuala Lumpur,KUL
50788,Kuala Lumpur,Wp Kuala Lumpur,KUL
50790,Kuala Lumpur,Wp Kuala Lumpur,KUL
50792,Kuala Lumpur,Wp Kuala Lumpur,KUL
50794,Kuala Lumpur,Wp Kuala Lumpur,KUL
50796,Kuala Lumpur,Wp Kuala Lumpur,KUL
50798,Kuala Lumpur,Wp Kuala Lumpur,KUL
50800,Kuala Lumpur,Wp Kuala Lumpur,KUL
50802,Kuala Lumpur,Wp Kuala Lumpur,KUL
50804,Kuala Lumpur,Wp Kuala Lumpur,KUL
50806,Kuala Lumpur,Wp Kuala Lumpur,KUL
50808,Kuala Lumpur,Wp Kuala Lumpur,KUL
50810,Kuala Lumpur,Wp Kuala Lumpur,KUL
50812,Kuala Lumpur,Wp Kuala Lumpur,KUL
50814,Kuala Lumpur,Wp Kuala Lumpur,KUL
50816,Kuala Lumpur,Wp Kuala Lumpur,KUL
50818,Kuala Lumpur,Wp Kuala Lumpur,KUL
50901,Kuala Lumpur,Wp Kuala Lumpur,KUL
50902,Kuala Lumpur,Wp Kuala Lumpur,KUL
50903,Kuala Lumpur,Wp Kuala Lumpur,KUL
50904,Kuala Lumpur,Wp Kuala Lumpur,KUL
50906,Kuala Lumpur,Wp Kuala Lumpur,KUL
50907,Kuala Lumpur,Wp Kuala Lumpur,KUL
50908,Kuala Lumpur,Wp Kuala Lumpur,KUL
50909,Kuala Lumpur,Wp Kuala Lumpur,KUL
50910,Kuala Lumpur,Wp Kuala Lumpur,KUL
50911,Kuala Lumpur,Wp Kuala Lumpur,KUL
50912,Kuala Lumpur,Wp Kuala Lumpur,KUL
50913,Kuala Lumpur,Wp Kuala Lumpur,KUL
50914,Kuala Lumpur,Wp Kuala Lumpur,KUL
50915,Kuala Lumpur,Wp Kuala Lumpur,KUL
50916,Kuala Lumpur,Wp Kuala Lumpur,KUL
50917,Kuala Lumpur,Wp Kuala Lumpur,KUL
50918,Kuala Lumpur,Wp Kuala Lumpur,KUL
50919,Kuala Lumpur,Wp Kuala Lumpur,KUL
50920,Kuala Lumpur,Wp Kuala Lumpur,KUL
50921,Kuala Lumpur,Wp Kuala Lumpur,KUL
50922,Kuala Lumpur,Wp Kuala Lumpur,KUL
50923,Kuala Lumpur,Wp Kuala Lumpur,KUL
50924,Kuala Lumpur,Wp Kuala Lumpur,KUL
50925,Kuala Lumpur,Wp Kuala Lumpur,KUL
50926,Kuala Lumpur,Wp Kuala Lumpur,KUL
50927,Kuala Lumpur,Wp Kuala Lumpur,KUL
50928,Kuala Lumpur,Wp Kuala Lumpur,KUL
50929,Kuala Lumpur,Wp Kuala Lumpur,KUL
50930,Kuala Lumpur,Wp Kuala Lumpur,KUL
50931,Kuala Lumpur,Wp Kuala Lumpur,KUL
50932,Kuala Lumpur,Wp Kuala Lumpur,KUL
50933,Kuala Lumpur,Wp Kuala Lumpur,KUL
50934,Kuala Lumpur,Wp Kuala Lumpur,KUL
50935,Kuala Lumpur,Wp Kuala Lumpur,KUL
50936,Kuala Lumpur,Wp Kuala Lumpur,KUL
50937,Kuala Lumpur,Wp Kuala Lumpur,KUL
50938,Kuala Lumpur,Wp Kuala Lumpur,KUL
50939,Kuala Lumpur,Wp Kuala Lumpur,KUL
50940,Kuala Lumpur,Wp Kuala Lumpur,KUL
50941,Kuala Lumpur,Wp Kuala Lumpur,KUL
50942,Kuala Lumpur,Wp Kuala Lumpur,KUL
50943,Kuala Lumpur,Wp Kuala Lumpur,KUL
50944,Kuala Lumpur,Wp Kuala Lumpur,KUL
50945,Kuala Lumpur,Wp Kuala Lumpur,KUL
50946,Kuala Lumpur,Wp Kuala Lumpur,KUL
50947,Kuala Lumpur,Wp Kuala Lumpur,KUL
50948,Kuala Lumpur,Wp Kuala Lumpur,KUL
50949,Kuala Lumpur,Wp Kuala Lumpur,KUL
50950,Kuala Lumpur,Wp Kuala Lumpur,KUL
50988,Kuala Lumpur,Wp Kuala Lumpur,KUL
50989,Kuala Lumpur,Wp Kuala Lumpur,KUL
50990,Kuala Lumpur,Wp Kuala Lumpur,KUL
51000,Kuala Lumpur,Wp Kuala Lumpur,KUL
51100,Kuala Lumpur,Wp Kuala Lumpur,KUL
51200,Kuala Lumpur,Wp Kuala Lumpur,KUL
51300,Kuala Lumpur,Wp Kuala Lumpur,KUL
51640,Kuala Lumpur,Wp Kuala Lumpur,KUL
51700,Kuala Lumpur,Wp Kuala Lumpur,KUL
51800,Kuala Lumpur,Wp Kuala Lumpur,KUL
51900,Kuala Lumpur,Wp Kuala Lumpur,KUL
51990,Kuala Lumpur,Wp Kuala Lumpur,KUL
52000,Kuala Lumpur,Wp Kuala Lumpur,KUL
52100,Kuala Lumpur,Wp Kuala Lumpur,KUL
52109,Kuala Lumpur,Wp Kuala Lumpur,KUL
52200,Kuala Lumpur,Wp Kuala Lumpur,KUL
52210,Kuala Lumpur,Wp Kuala Lumpur,KUL
52220,Kuala Lumpur,Wp Kuala Lumpur,KUL
53000,Kuala Lumpur,Wp Kuala Lumpur,KUL
53100,Kuala Lumpur,Wp Kuala Lumpur,KUL
53200,Kuala Lumpur,Wp Kuala Lumpur,KUL
53500,Kuala Lumpur,Wp Kuala Lumpur,KUL
53700,Kuala Lumpur,Wp Kuala Lumpur,KUL
53800,Kuala Lumpur,Wp Kuala Lumpur,KUL
53990,Kuala Lumpur,Wp Kuala Lumpur,KUL
54000,Kuala Lumpur,Wp Kuala Lumpur,KUL
54050,Kuala Lumpur,Wp Kuala Lumpur,KUL
54100,Kuala Lumpur,Wp Kuala Lumpur,KUL
54200,Kuala Lumpur,Wp Kuala Lumpur,KUL
54540,Kuala Lumpur,Wp Kuala Lumpur,KUL
55000,Kuala Lumpur,Wp Kuala Lumpur,KUL
55100,Kuala Lumpur,Wp Kuala Lumpur,KUL
55188,Kuala Lumpur,Wp Kuala Lumpur,KUL
55200,Kuala Lumpur,Wp Kuala Lumpur,KUL
55220,Kuala Lumpur,Wp Kuala Lumpur,KUL
55300,Kuala Lumpur,Wp Kuala Lumpur,KUL
55330,Kuala Lumpur,Wp Kuala Lumpur,KUL
55700,Kuala Lumpur,Wp Kuala Lumpur,KUL
55710,Kuala Lumpur,Wp Kuala Lumpur,KUL
55720,Kuala Lumpur,Wp Kuala Lumpur,KUL
55900,Kuala Lumpur,Wp Kuala Lumpur,KUL
55902,Kuala Lumpur,Wp Kuala Lumpur,KUL
55904,Kuala Lumpur,Wp Kuala Lumpur,KUL
55906,Kuala Lumpur,Wp Kuala Lumpur,KUL
55908,Kuala Lumpur,Wp Kuala Lumpur,KUL
55910,Kuala Lumpur,Wp Kuala Lumpur,KUL
55912,Kuala Lumpur,Wp Kuala Lumpur,KUL
55914,Kuala Lumpur,Wp Kuala Lumpur,KUL
55916,Kuala Lumpur,Wp Kuala Lumpur,KUL
55918,Kuala Lumpur,Wp Kuala Lumpur,KUL
55920,Kuala Lumpur,Wp Kuala Lumpur,KUL
55922,Kuala Lumpur,Wp Kuala Lumpur,KUL
55924,Kuala Lumpur,Wp Kuala Lumpur,KUL
55926,Kuala Lumpur,Wp Kuala Lumpur,KUL
55928,Kuala Lumpur,Wp Kuala Lumpur,KUL
55930,Kuala Lumpur,Wp Kuala Lumpur,KUL
55932,Kuala Lumpur,Wp Kuala Lumpur,KUL
55934,Kuala Lumpur,Wp Kuala Lumpur,KUL
55990,Kuala Lumpur,Wp Kuala Lumpur,KUL
56000,Kuala Lumpur,Wp Kuala Lumpur,KUL
56100,Kuala Lumpur,Wp Kuala Lumpur,KUL
57000,Kuala Lumpur,Wp Kuala Lumpur,KUL
57100,Kuala Lumpur,Wp Kuala Lumpur,KUL
57200,Kuala Lumpur,Wp Kuala Lumpur,KUL
57700,Kuala Lumpur,Wp Kuala Lumpur,KUL
57990,Kuala Lumpur,Wp Kuala Lumpur,KUL
58000,Kuala Lumpur,Wp Kuala Lumpur,KUL
58100,Kuala Lumpur,Wp Kuala Lumpur,KUL
58200,Kuala Lumpur,Wp Kuala Lumpur,KUL
58209,Kuala Lumpur,Wp Kuala Lumpur,KUL
58700,Kuala Lumpur,Wp Kuala Lumpur,KUL
58990,Kuala Lumpur,Wp Kuala Lumpur,KUL
59000,Kuala Lumpur,Wp Kuala Lumpur,KUL
59001,Kuala Lumpur,Wp Kuala Lumpur,KUL
59100,Kuala Lumpur,Wp Kuala Lumpur,KUL
59200,Kuala Lumpur,Wp Kuala Lumpur,KUL
59206,Kuala Lumpur,Wp Kuala Lumpur,KUL
59700,Kuala Lumpur,Wp Kuala Lumpur,KUL
59800,Kuala Lumpur,Wp Kuala Lumpur,KUL
59990,Kuala Lumpur,Wp Kuala Lumpur,KUL
60000,Kuala Lumpur,Wp Kuala Lumpur,KUL
53300,Setapak,Wp Kuala Lumpur,KUL
